,align,no_align,time,distance,n_proj,n_epochs,seed,subject,target_subject,multifreq,reg,cross_subject
0,1.0,1.0,0.0,les,500,80,2473,1,1,False,10.0,True
1,0.6518518518518519,0.5222222222222223,2.322575092315674,les,500,80,2473,1,3,False,10.0,True
2,0.5535055350553506,0.5055350553505535,1.4760277271270752,les,500,80,2473,1,7,False,10.0,True
3,0.5984848484848485,0.39015151515151514,1.4513983726501465,les,500,80,2473,1,8,False,10.0,True
4,0.43037974683544306,0.26582278481012656,1.42753005027771,les,500,80,2473,1,9,False,10.0,True
5,0.6776556776556777,0.3443223443223443,1.413287878036499,les,500,80,2473,3,1,False,10.0,True
6,1.0,1.0,0.0,les,500,80,2473,3,3,False,10.0,True
7,0.6383763837638377,0.30996309963099633,1.415032148361206,les,500,80,2473,3,7,False,10.0,True
8,0.6893939393939394,0.4962121212121212,1.3997747898101807,les,500,80,2473,3,8,False,10.0,True
9,0.459915611814346,0.2742616033755274,1.6124706268310547,les,500,80,2473,3,9,False,10.0,True
10,0.5824175824175825,0.5201465201465202,1.4236433506011963,les,500,80,2473,7,1,False,10.0,True
11,0.6444444444444445,0.5333333333333333,1.4135515689849854,les,500,80,2473,7,3,False,10.0,True
12,1.0,1.0,0.0,les,500,80,2473,7,7,False,10.0,True
13,0.4356060606060606,0.26136363636363635,1.4336307048797607,les,500,80,2473,7,8,False,10.0,True
14,0.3924050632911392,0.26582278481012656,1.4266033172607422,les,500,80,2473,7,9,False,10.0,True
15,0.5494505494505495,0.4981684981684982,1.4313886165618896,les,500,80,2473,8,1,False,10.0,True
16,0.6592592592592592,0.5777777777777777,1.5044715404510498,les,500,80,2473,8,3,False,10.0,True
17,0.34686346863468637,0.24354243542435425,1.4194140434265137,les,500,80,2473,8,7,False,10.0,True
18,1.0,1.0,0.0,les,500,80,2473,8,8,False,10.0,True
19,0.4936708860759494,0.39662447257383965,1.4379322528839111,les,500,80,2473,8,9,False,10.0,True
20,0.45787545787545786,0.2673992673992674,1.4502575397491455,les,500,80,2473,9,1,False,10.0,True
21,0.4777777777777778,0.2851851851851852,1.4311919212341309,les,500,80,2473,9,3,False,10.0,True
22,0.25461254612546125,0.24723247232472326,1.4828121662139893,les,500,80,2473,9,7,False,10.0,True
23,0.5340909090909091,0.3977272727272727,1.4567010402679443,les,500,80,2473,9,8,False,10.0,True
24,1.0,1.0,0.0,les,500,80,2473,9,9,False,10.0,True
25,1.0,1.0,0.0,les,500,80,7490,1,1,False,10.0,True
26,0.6518518518518519,0.5222222222222223,1.3574469089508057,les,500,80,7490,1,3,False,10.0,True
27,0.5535055350553506,0.5055350553505535,1.4543378353118896,les,500,80,7490,1,7,False,10.0,True
28,0.5984848484848485,0.39015151515151514,1.460071325302124,les,500,80,7490,1,8,False,10.0,True
29,0.43037974683544306,0.26582278481012656,1.46187424659729,les,500,80,7490,1,9,False,10.0,True
30,0.6776556776556777,0.3443223443223443,1.4052226543426514,les,500,80,7490,3,1,False,10.0,True
31,1.0,1.0,0.0,les,500,80,7490,3,3,False,10.0,True
32,0.6383763837638377,0.30996309963099633,1.3910019397735596,les,500,80,7490,3,7,False,10.0,True
33,0.6893939393939394,0.4962121212121212,1.428100347518921,les,500,80,7490,3,8,False,10.0,True
34,0.459915611814346,0.2742616033755274,1.4424984455108643,les,500,80,7490,3,9,False,10.0,True
35,0.5824175824175825,0.5201465201465202,1.4595551490783691,les,500,80,7490,7,1,False,10.0,True
36,0.6444444444444445,0.5333333333333333,1.4302191734313965,les,500,80,7490,7,3,False,10.0,True
37,1.0,1.0,0.0,les,500,80,7490,7,7,False,10.0,True
38,0.4356060606060606,0.26136363636363635,1.4383080005645752,les,500,80,7490,7,8,False,10.0,True
39,0.3924050632911392,0.26582278481012656,1.4127874374389648,les,500,80,7490,7,9,False,10.0,True
40,0.5494505494505495,0.4981684981684982,1.4408724308013916,les,500,80,7490,8,1,False,10.0,True
41,0.6592592592592592,0.5777777777777777,1.4050452709197998,les,500,80,7490,8,3,False,10.0,True
42,0.34686346863468637,0.24354243542435425,1.4317328929901123,les,500,80,7490,8,7,False,10.0,True
43,1.0,1.0,0.0,les,500,80,7490,8,8,False,10.0,True
44,0.4936708860759494,0.39662447257383965,1.4426908493041992,les,500,80,7490,8,9,False,10.0,True
45,0.45787545787545786,0.2673992673992674,1.4230172634124756,les,500,80,7490,9,1,False,10.0,True
46,0.4777777777777778,0.2851851851851852,1.4139363765716553,les,500,80,7490,9,3,False,10.0,True
47,0.25461254612546125,0.24723247232472326,1.4669923782348633,les,500,80,7490,9,7,False,10.0,True
48,0.5340909090909091,0.3977272727272727,1.4611756801605225,les,500,80,7490,9,8,False,10.0,True
49,1.0,1.0,0.0,les,500,80,7490,9,9,False,10.0,True
50,1.0,1.0,0.0,les,500,80,7066,1,1,False,10.0,True
51,0.6518518518518519,0.5222222222222223,1.4266674518585205,les,500,80,7066,1,3,False,10.0,True
52,0.5535055350553506,0.5055350553505535,1.422722339630127,les,500,80,7066,1,7,False,10.0,True
53,0.5984848484848485,0.39015151515151514,1.4215705394744873,les,500,80,7066,1,8,False,10.0,True
54,0.43037974683544306,0.26582278481012656,1.4491767883300781,les,500,80,7066,1,9,False,10.0,True
55,0.6776556776556777,0.3443223443223443,1.4492807388305664,les,500,80,7066,3,1,False,10.0,True
56,1.0,1.0,0.0,les,500,80,7066,3,3,False,10.0,True
57,0.6383763837638377,0.30996309963099633,1.4522652626037598,les,500,80,7066,3,7,False,10.0,True
58,0.6893939393939394,0.4962121212121212,1.4148361682891846,les,500,80,7066,3,8,False,10.0,True
59,0.459915611814346,0.2742616033755274,1.4614815711975098,les,500,80,7066,3,9,False,10.0,True
60,0.5824175824175825,0.5201465201465202,1.4239802360534668,les,500,80,7066,7,1,False,10.0,True
61,0.6444444444444445,0.5333333333333333,2.3445606231689453,les,500,80,7066,7,3,False,10.0,True
62,1.0,1.0,0.0,les,500,80,7066,7,7,False,10.0,True
63,0.4356060606060606,0.26136363636363635,1.402968168258667,les,500,80,7066,7,8,False,10.0,True
64,0.3924050632911392,0.26582278481012656,1.4651412963867188,les,500,80,7066,7,9,False,10.0,True
65,0.5494505494505495,0.4981684981684982,1.4255781173706055,les,500,80,7066,8,1,False,10.0,True
66,0.6592592592592592,0.5777777777777777,1.4246220588684082,les,500,80,7066,8,3,False,10.0,True
67,0.34686346863468637,0.24354243542435425,1.4359462261199951,les,500,80,7066,8,7,False,10.0,True
68,1.0,1.0,0.0,les,500,80,7066,8,8,False,10.0,True
69,0.4936708860759494,0.39662447257383965,1.3912272453308105,les,500,80,7066,8,9,False,10.0,True
70,0.45787545787545786,0.2673992673992674,1.455883264541626,les,500,80,7066,9,1,False,10.0,True
71,0.4777777777777778,0.2851851851851852,2.745817184448242,les,500,80,7066,9,3,False,10.0,True
72,0.25461254612546125,0.24723247232472326,1.7561306953430176,les,500,80,7066,9,7,False,10.0,True
73,0.5340909090909091,0.3977272727272727,1.7456953525543213,les,500,80,7066,9,8,False,10.0,True
74,1.0,1.0,0.0,les,500,80,7066,9,9,False,10.0,True
75,1.0,1.0,0.0,les,500,80,1884,1,1,False,10.0,True
76,0.6518518518518519,0.5222222222222223,1.763716697692871,les,500,80,1884,1,3,False,10.0,True
77,0.5535055350553506,0.5055350553505535,1.737231969833374,les,500,80,1884,1,7,False,10.0,True
78,0.5984848484848485,0.39015151515151514,1.7683980464935303,les,500,80,1884,1,8,False,10.0,True
79,0.43037974683544306,0.26582278481012656,1.7253220081329346,les,500,80,1884,1,9,False,10.0,True
80,0.6776556776556777,0.3443223443223443,1.7588982582092285,les,500,80,1884,3,1,False,10.0,True
81,1.0,1.0,0.0,les,500,80,1884,3,3,False,10.0,True
82,0.6383763837638377,0.30996309963099633,1.747068166732788,les,500,80,1884,3,7,False,10.0,True
83,0.6893939393939394,0.4962121212121212,1.7865912914276123,les,500,80,1884,3,8,False,10.0,True
84,0.459915611814346,0.2742616033755274,1.7011933326721191,les,500,80,1884,3,9,False,10.0,True
85,0.5824175824175825,0.5201465201465202,1.730567455291748,les,500,80,1884,7,1,False,10.0,True
86,0.6444444444444445,0.5333333333333333,1.7621562480926514,les,500,80,1884,7,3,False,10.0,True
87,1.0,1.0,0.0,les,500,80,1884,7,7,False,10.0,True
88,0.4356060606060606,0.26136363636363635,1.3668711185455322,les,500,80,1884,7,8,False,10.0,True
89,0.3924050632911392,0.26582278481012656,1.7391905784606934,les,500,80,1884,7,9,False,10.0,True
90,0.5494505494505495,0.4981684981684982,1.806960105895996,les,500,80,1884,8,1,False,10.0,True
91,0.6592592592592592,0.5777777777777777,1.7558703422546387,les,500,80,1884,8,3,False,10.0,True
92,0.34686346863468637,0.24354243542435425,1.767566204071045,les,500,80,1884,8,7,False,10.0,True
93,1.0,1.0,0.0,les,500,80,1884,8,8,False,10.0,True
94,0.4936708860759494,0.39662447257383965,1.7862215042114258,les,500,80,1884,8,9,False,10.0,True
95,0.45787545787545786,0.2673992673992674,1.7797133922576904,les,500,80,1884,9,1,False,10.0,True
96,0.4777777777777778,0.2851851851851852,1.046720027923584,les,500,80,1884,9,3,False,10.0,True
97,0.25461254612546125,0.24723247232472326,1.4706089496612549,les,500,80,1884,9,7,False,10.0,True
98,0.5340909090909091,0.3977272727272727,1.7704339027404785,les,500,80,1884,9,8,False,10.0,True
99,1.0,1.0,0.0,les,500,80,1884,9,9,False,10.0,True
100,1.0,1.0,0.0,les,500,80,929,1,1,False,10.0,True
101,0.6518518518518519,0.5222222222222223,1.7253119945526123,les,500,80,929,1,3,False,10.0,True
102,0.5535055350553506,0.5055350553505535,1.1478688716888428,les,500,80,929,1,7,False,10.0,True
103,0.5984848484848485,0.39015151515151514,1.6259982585906982,les,500,80,929,1,8,False,10.0,True
104,0.43037974683544306,0.26582278481012656,1.776968002319336,les,500,80,929,1,9,False,10.0,True
105,0.6776556776556777,0.3443223443223443,1.7749109268188477,les,500,80,929,3,1,False,10.0,True
106,1.0,1.0,0.0,les,500,80,929,3,3,False,10.0,True
107,0.6383763837638377,0.30996309963099633,1.7708842754364014,les,500,80,929,3,7,False,10.0,True
108,0.6893939393939394,0.4962121212121212,1.8023266792297363,les,500,80,929,3,8,False,10.0,True
109,0.459915611814346,0.2742616033755274,1.7775230407714844,les,500,80,929,3,9,False,10.0,True
110,0.5824175824175825,0.5201465201465202,1.7443907260894775,les,500,80,929,7,1,False,10.0,True
111,0.6444444444444445,0.5333333333333333,1.7794551849365234,les,500,80,929,7,3,False,10.0,True
112,1.0,1.0,0.0,les,500,80,929,7,7,False,10.0,True
113,0.4356060606060606,0.26136363636363635,1.7461199760437012,les,500,80,929,7,8,False,10.0,True
114,0.3924050632911392,0.26582278481012656,1.7483704090118408,les,500,80,929,7,9,False,10.0,True
115,0.5494505494505495,0.4981684981684982,1.786268711090088,les,500,80,929,8,1,False,10.0,True
116,0.6592592592592592,0.5777777777777777,2.319514513015747,les,500,80,929,8,3,False,10.0,True
117,0.34686346863468637,0.24354243542435425,1.4453184604644775,les,500,80,929,8,7,False,10.0,True
118,1.0,1.0,0.0,les,500,80,929,8,8,False,10.0,True
119,0.4936708860759494,0.39662447257383965,1.4541151523590088,les,500,80,929,8,9,False,10.0,True
120,0.45787545787545786,0.2673992673992674,1.438398838043213,les,500,80,929,9,1,False,10.0,True
121,0.4777777777777778,0.2851851851851852,1.4434192180633545,les,500,80,929,9,3,False,10.0,True
122,0.25461254612546125,0.24723247232472326,1.431095838546753,les,500,80,929,9,7,False,10.0,True
123,0.5340909090909091,0.3977272727272727,1.433936595916748,les,500,80,929,9,8,False,10.0,True
124,1.0,1.0,0.0,les,500,80,929,9,9,False,10.0,True
125,1.0,1.0,0.0,lew,500,80,2473,1,1,False,1.0,True
126,0.662962962962963,0.5222222222222223,1.5968077182769775,lew,500,80,2473,1,3,False,1.0,True
127,0.5571955719557196,0.5055350553505535,1.627471923828125,lew,500,80,2473,1,7,False,1.0,True
128,0.5946969696969697,0.39015151515151514,1.9402647018432617,lew,500,80,2473,1,8,False,1.0,True
129,0.43037974683544306,0.26582278481012656,1.9275414943695068,lew,500,80,2473,1,9,False,1.0,True
130,0.673992673992674,0.3443223443223443,1.1467070579528809,lew,500,80,2473,3,1,False,1.0,True
131,1.0,1.0,0.0,lew,500,80,2473,3,3,False,1.0,True
132,0.6420664206642066,0.30996309963099633,1.6162443161010742,lew,500,80,2473,3,7,False,1.0,True
133,0.6931818181818182,0.4962121212121212,1.8796536922454834,lew,500,80,2473,3,8,False,1.0,True
134,0.45569620253164556,0.2742616033755274,1.8343372344970703,lew,500,80,2473,3,9,False,1.0,True
135,0.5714285714285714,0.5201465201465202,1.5556590557098389,lew,500,80,2473,7,1,False,1.0,True
136,0.6370370370370371,0.5333333333333333,1.5838677883148193,lew,500,80,2473,7,3,False,1.0,True
137,1.0,1.0,0.0,lew,500,80,2473,7,7,False,1.0,True
138,0.4356060606060606,0.26136363636363635,1.9766547679901123,lew,500,80,2473,7,8,False,1.0,True
139,0.3924050632911392,0.26582278481012656,1.8747382164001465,lew,500,80,2473,7,9,False,1.0,True
140,0.5457875457875457,0.4981684981684982,1.3815174102783203,lew,500,80,2473,8,1,False,1.0,True
141,0.6555555555555556,0.5777777777777777,1.8850328922271729,lew,500,80,2473,8,3,False,1.0,True
142,0.34686346863468637,0.24354243542435425,1.9766192436218262,lew,500,80,2473,8,7,False,1.0,True
143,1.0,1.0,0.0,lew,500,80,2473,8,8,False,1.0,True
144,0.4936708860759494,0.39662447257383965,1.6529099941253662,lew,500,80,2473,8,9,False,1.0,True
145,0.46153846153846156,0.2673992673992674,1.917663812637329,lew,500,80,2473,9,1,False,1.0,True
146,0.48148148148148145,0.2851851851851852,1.8693256378173828,lew,500,80,2473,9,3,False,1.0,True
147,0.25461254612546125,0.24723247232472326,1.8481135368347168,lew,500,80,2473,9,7,False,1.0,True
148,0.5265151515151515,0.3977272727272727,1.2087678909301758,lew,500,80,2473,9,8,False,1.0,True
149,1.0,1.0,0.0,lew,500,80,2473,9,9,False,1.0,True
150,1.0,1.0,0.0,lew,500,80,7490,1,1,False,1.0,True
151,0.662962962962963,0.5222222222222223,1.6098310947418213,lew,500,80,7490,1,3,False,1.0,True
152,0.5571955719557196,0.5055350553505535,1.617053508758545,lew,500,80,7490,1,7,False,1.0,True
153,0.5946969696969697,0.39015151515151514,1.963538646697998,lew,500,80,7490,1,8,False,1.0,True
154,0.43037974683544306,0.26582278481012656,1.8766200542449951,lew,500,80,7490,1,9,False,1.0,True
155,0.673992673992674,0.3443223443223443,1.133270263671875,lew,500,80,7490,3,1,False,1.0,True
156,1.0,1.0,0.0,lew,500,80,7490,3,3,False,1.0,True
157,0.6420664206642066,0.30996309963099633,1.619908332824707,lew,500,80,7490,3,7,False,1.0,True
158,0.6931818181818182,0.4962121212121212,1.8709042072296143,lew,500,80,7490,3,8,False,1.0,True
159,0.45569620253164556,0.2742616033755274,1.8577346801757812,lew,500,80,7490,3,9,False,1.0,True
160,0.5714285714285714,0.5201465201465202,1.5671353340148926,lew,500,80,7490,7,1,False,1.0,True
161,0.6370370370370371,0.5333333333333333,1.5843279361724854,lew,500,80,7490,7,3,False,1.0,True
162,1.0,1.0,0.0,lew,500,80,7490,7,7,False,1.0,True
163,0.4356060606060606,0.26136363636363635,1.9769518375396729,lew,500,80,7490,7,8,False,1.0,True
164,0.3924050632911392,0.26582278481012656,1.886967658996582,lew,500,80,7490,7,9,False,1.0,True
165,0.5457875457875457,0.4981684981684982,1.3562901020050049,lew,500,80,7490,8,1,False,1.0,True
166,0.6555555555555556,0.5777777777777777,1.8622894287109375,lew,500,80,7490,8,3,False,1.0,True
167,0.34686346863468637,0.24354243542435425,2.0939218997955322,lew,500,80,7490,8,7,False,1.0,True
168,1.0,1.0,0.0,lew,500,80,7490,8,8,False,1.0,True
169,0.4936708860759494,0.39662447257383965,1.1368863582611084,lew,500,80,7490,8,9,False,1.0,True
170,0.46153846153846156,0.2673992673992674,1.3305251598358154,lew,500,80,7490,9,1,False,1.0,True
171,0.48518518518518516,0.2851851851851852,1.8869683742523193,lew,500,80,7490,9,3,False,1.0,True
172,0.25461254612546125,0.24723247232472326,1.837329626083374,lew,500,80,7490,9,7,False,1.0,True
173,0.5265151515151515,0.3977272727272727,1.6576364040374756,lew,500,80,7490,9,8,False,1.0,True
174,1.0,1.0,0.0,lew,500,80,7490,9,9,False,1.0,True
175,1.0,1.0,0.0,lew,500,80,7066,1,1,False,1.0,True
176,0.662962962962963,0.5222222222222223,1.106931447982788,lew,500,80,7066,1,3,False,1.0,True
177,0.5571955719557196,0.5055350553505535,1.6061389446258545,lew,500,80,7066,1,7,False,1.0,True
178,0.5946969696969697,0.39015151515151514,1.9759485721588135,lew,500,80,7066,1,8,False,1.0,True
179,0.43037974683544306,0.26582278481012656,1.9104773998260498,lew,500,80,7066,1,9,False,1.0,True
180,0.673992673992674,0.3443223443223443,1.5979762077331543,lew,500,80,7066,3,1,False,1.0,True
181,1.0,1.0,0.0,lew,500,80,7066,3,3,False,1.0,True
182,0.6420664206642066,0.30996309963099633,1.4904870986938477,lew,500,80,7066,3,7,False,1.0,True
183,0.6931818181818182,0.4962121212121212,1.8698222637176514,lew,500,80,7066,3,8,False,1.0,True
184,0.45569620253164556,0.2742616033755274,1.8633601665496826,lew,500,80,7066,3,9,False,1.0,True
185,0.5714285714285714,0.5201465201465202,1.5497841835021973,lew,500,80,7066,7,1,False,1.0,True
186,0.6370370370370371,0.5333333333333333,1.59232759475708,lew,500,80,7066,7,3,False,1.0,True
187,1.0,1.0,0.0,lew,500,80,7066,7,7,False,1.0,True
188,0.4356060606060606,0.26136363636363635,1.3515911102294922,lew,500,80,7066,7,8,False,1.0,True
189,0.3924050632911392,0.26582278481012656,1.8833670616149902,lew,500,80,7066,7,9,False,1.0,True
190,0.5457875457875457,0.4981684981684982,1.9726223945617676,lew,500,80,7066,8,1,False,1.0,True
191,0.6555555555555556,0.5777777777777777,1.896427869796753,lew,500,80,7066,8,3,False,1.0,True
192,0.34686346863468637,0.24354243542435425,1.9939656257629395,lew,500,80,7066,8,7,False,1.0,True
193,1.0,1.0,0.0,lew,500,80,7066,8,8,False,1.0,True
194,0.4936708860759494,0.39662447257383965,1.6391956806182861,lew,500,80,7066,8,9,False,1.0,True
195,0.46153846153846156,0.2673992673992674,1.9109432697296143,lew,500,80,7066,9,1,False,1.0,True
196,0.48518518518518516,0.2851851851851852,1.8803505897521973,lew,500,80,7066,9,3,False,1.0,True
197,0.25461254612546125,0.24723247232472326,1.851994514465332,lew,500,80,7066,9,7,False,1.0,True
198,0.5265151515151515,0.3977272727272727,1.1808853149414062,lew,500,80,7066,9,8,False,1.0,True
199,1.0,1.0,0.0,lew,500,80,7066,9,9,False,1.0,True
200,1.0,1.0,0.0,lew,500,80,1884,1,1,False,1.0,True
201,0.662962962962963,0.5222222222222223,1.1635940074920654,lew,500,80,1884,1,3,False,1.0,True
202,0.5571955719557196,0.5055350553505535,1.6001408100128174,lew,500,80,1884,1,7,False,1.0,True
203,0.5946969696969697,0.39015151515151514,1.3708348274230957,lew,500,80,1884,1,8,False,1.0,True
204,0.43037974683544306,0.26582278481012656,1.3186390399932861,lew,500,80,1884,1,9,False,1.0,True
205,0.673992673992674,0.3443223443223443,1.621866226196289,lew,500,80,1884,3,1,False,1.0,True
206,1.0,1.0,0.0,lew,500,80,1884,3,3,False,1.0,True
207,0.6420664206642066,0.30996309963099633,1.614783525466919,lew,500,80,1884,3,7,False,1.0,True
208,0.6931818181818182,0.4962121212121212,1.8762903213500977,lew,500,80,1884,3,8,False,1.0,True
209,0.45569620253164556,0.2742616033755274,1.8403279781341553,lew,500,80,1884,3,9,False,1.0,True
210,0.5714285714285714,0.5201465201465202,1.542097568511963,lew,500,80,1884,7,1,False,1.0,True
211,0.6370370370370371,0.5333333333333333,1.597590684890747,lew,500,80,1884,7,3,False,1.0,True
212,1.0,1.0,0.0,lew,500,80,1884,7,7,False,1.0,True
213,0.4356060606060606,0.26136363636363635,1.9845316410064697,lew,500,80,1884,7,8,False,1.0,True
214,0.3924050632911392,0.26582278481012656,1.8850445747375488,lew,500,80,1884,7,9,False,1.0,True
215,0.5457875457875457,0.4981684981684982,1.9688308238983154,lew,500,80,1884,8,1,False,1.0,True
216,0.6555555555555556,0.5777777777777777,1.890096664428711,lew,500,80,1884,8,3,False,1.0,True
217,0.34686346863468637,0.24354243542435425,1.5230712890625,lew,500,80,1884,8,7,False,1.0,True
218,1.0,1.0,0.0,lew,500,80,1884,8,8,False,1.0,True
219,0.4936708860759494,0.39662447257383965,1.617938756942749,lew,500,80,1884,8,9,False,1.0,True
220,0.46153846153846156,0.2673992673992674,1.3536536693572998,lew,500,80,1884,9,1,False,1.0,True
221,0.48518518518518516,0.2851851851851852,1.6211614608764648,lew,500,80,1884,9,3,False,1.0,True
222,0.25461254612546125,0.24723247232472326,1.2360758781433105,lew,500,80,1884,9,7,False,1.0,True
223,0.5265151515151515,0.3977272727272727,1.639730453491211,lew,500,80,1884,9,8,False,1.0,True
224,1.0,1.0,0.0,lew,500,80,1884,9,9,False,1.0,True
225,1.0,1.0,0.0,lew,500,80,929,1,1,False,1.0,True
226,0.662962962962963,0.5222222222222223,1.5942268371582031,lew,500,80,929,1,3,False,1.0,True
227,0.5571955719557196,0.5055350553505535,1.5958809852600098,lew,500,80,929,1,7,False,1.0,True
228,0.5946969696969697,0.39015151515151514,1.945744514465332,lew,500,80,929,1,8,False,1.0,True
229,0.43037974683544306,0.26582278481012656,1.8865177631378174,lew,500,80,929,1,9,False,1.0,True
230,0.673992673992674,0.3443223443223443,1.5861098766326904,lew,500,80,929,3,1,False,1.0,True
231,1.0,1.0,0.0,lew,500,80,929,3,3,False,1.0,True
232,0.6420664206642066,0.30996309963099633,1.5947401523590088,lew,500,80,929,3,7,False,1.0,True
233,0.6931818181818182,0.4962121212121212,1.8683104515075684,lew,500,80,929,3,8,False,1.0,True
234,0.45569620253164556,0.2742616033755274,1.838958740234375,lew,500,80,929,3,9,False,1.0,True
235,0.5714285714285714,0.5201465201465202,1.5353741645812988,lew,500,80,929,7,1,False,1.0,True
236,0.6370370370370371,0.5333333333333333,1.574007272720337,lew,500,80,929,7,3,False,1.0,True
237,1.0,1.0,0.0,lew,500,80,929,7,7,False,1.0,True
238,0.4356060606060606,0.26136363636363635,1.9418585300445557,lew,500,80,929,7,8,False,1.0,True
239,0.3924050632911392,0.26582278481012656,1.8589131832122803,lew,500,80,929,7,9,False,1.0,True
240,0.5457875457875457,0.4981684981684982,1.9271409511566162,lew,500,80,929,8,1,False,1.0,True
241,0.6555555555555556,0.5777777777777777,1.88059401512146,lew,500,80,929,8,3,False,1.0,True
242,0.34686346863468637,0.24354243542435425,1.9611687660217285,lew,500,80,929,8,7,False,1.0,True
243,1.0,1.0,0.0,lew,500,80,929,8,8,False,1.0,True
244,0.4936708860759494,0.39662447257383965,1.6294324398040771,lew,500,80,929,8,9,False,1.0,True
245,0.46153846153846156,0.2673992673992674,1.8930556774139404,lew,500,80,929,9,1,False,1.0,True
246,0.48518518518518516,0.2851851851851852,1.8640692234039307,lew,500,80,929,9,3,False,1.0,True
247,0.25461254612546125,0.24723247232472326,1.813948392868042,lew,500,80,929,9,7,False,1.0,True
248,0.5265151515151515,0.3977272727272727,1.1236324310302734,lew,500,80,929,9,8,False,1.0,True
249,1.0,1.0,0.0,lew,500,80,929,9,9,False,1.0,True
250,1.0,1.0,0.0,spdsw,500,80,2473,1,1,False,1.0,True
251,0.6333333333333333,0.5222222222222223,0.7662439346313477,spdsw,500,80,2473,1,3,False,1.0,True
252,0.5719557195571956,0.5055350553505535,0.6947629451751709,spdsw,500,80,2473,1,7,False,1.0,True
253,0.6893939393939394,0.39015151515151514,0.6689224243164062,spdsw,500,80,2473,1,8,False,1.0,True
254,0.510548523206751,0.26582278481012656,0.6720983982086182,spdsw,500,80,2473,1,9,False,1.0,True
255,0.673992673992674,0.3443223443223443,0.683955192565918,spdsw,500,80,2473,3,1,False,1.0,True
256,1.0,1.0,0.0,spdsw,500,80,2473,3,3,False,1.0,True
257,0.6937269372693727,0.30996309963099633,0.751335620880127,spdsw,500,80,2473,3,7,False,1.0,True
258,0.7045454545454546,0.4962121212121212,0.6740326881408691,spdsw,500,80,2473,3,8,False,1.0,True
259,0.5274261603375527,0.2742616033755274,0.6747784614562988,spdsw,500,80,2473,3,9,False,1.0,True
260,0.5641025641025641,0.5201465201465202,0.6793129444122314,spdsw,500,80,2473,7,1,False,1.0,True
261,0.6777777777777778,0.5333333333333333,0.6827600002288818,spdsw,500,80,2473,7,3,False,1.0,True
262,1.0,1.0,0.0,spdsw,500,80,2473,7,7,False,1.0,True
263,0.6060606060606061,0.26136363636363635,0.6763448715209961,spdsw,500,80,2473,7,8,False,1.0,True
264,0.459915611814346,0.26582278481012656,0.6693685054779053,spdsw,500,80,2473,7,9,False,1.0,True
265,0.6190476190476191,0.4981684981684982,0.6788394451141357,spdsw,500,80,2473,8,1,False,1.0,True
266,0.6888888888888889,0.5777777777777777,0.6771998405456543,spdsw,500,80,2473,8,3,False,1.0,True
267,0.4833948339483395,0.24354243542435425,0.6745474338531494,spdsw,500,80,2473,8,7,False,1.0,True
268,1.0,1.0,0.0,spdsw,500,80,2473,8,8,False,1.0,True
269,0.5443037974683544,0.39662447257383965,0.6618928909301758,spdsw,500,80,2473,8,9,False,1.0,True
270,0.45054945054945056,0.2673992673992674,0.6572186946868896,spdsw,500,80,2473,9,1,False,1.0,True
271,0.44814814814814813,0.2851851851851852,0.6662588119506836,spdsw,500,80,2473,9,3,False,1.0,True
272,0.33579335793357934,0.24723247232472326,0.7490110397338867,spdsw,500,80,2473,9,7,False,1.0,True
273,0.5606060606060606,0.3977272727272727,0.733903169631958,spdsw,500,80,2473,9,8,False,1.0,True
274,1.0,1.0,0.0,spdsw,500,80,2473,9,9,False,1.0,True
275,1.0,1.0,0.0,spdsw,500,80,7490,1,1,False,1.0,True
276,0.6703703703703704,0.5222222222222223,0.6869535446166992,spdsw,500,80,7490,1,3,False,1.0,True
277,0.5645756457564576,0.5055350553505535,0.6827423572540283,spdsw,500,80,7490,1,7,False,1.0,True
278,0.6704545454545454,0.39015151515151514,0.6821088790893555,spdsw,500,80,7490,1,8,False,1.0,True
279,0.4767932489451477,0.26582278481012656,0.6722190380096436,spdsw,500,80,7490,1,9,False,1.0,True
280,0.6776556776556777,0.3443223443223443,0.6804320812225342,spdsw,500,80,7490,3,1,False,1.0,True
281,1.0,1.0,0.0,spdsw,500,80,7490,3,3,False,1.0,True
282,0.6642066420664207,0.30996309963099633,0.6771576404571533,spdsw,500,80,7490,3,7,False,1.0,True
283,0.7007575757575758,0.4962121212121212,0.7576718330383301,spdsw,500,80,7490,3,8,False,1.0,True
284,0.5358649789029536,0.2742616033755274,0.6729247570037842,spdsw,500,80,7490,3,9,False,1.0,True
285,0.6007326007326007,0.5201465201465202,0.6759400367736816,spdsw,500,80,7490,7,1,False,1.0,True
286,0.6814814814814815,0.5333333333333333,0.6773772239685059,spdsw,500,80,7490,7,3,False,1.0,True
287,1.0,1.0,0.0,spdsw,500,80,7490,7,7,False,1.0,True
288,0.5909090909090909,0.26136363636363635,0.6770308017730713,spdsw,500,80,7490,7,8,False,1.0,True
289,0.4767932489451477,0.26582278481012656,0.6682620048522949,spdsw,500,80,7490,7,9,False,1.0,True
290,0.6153846153846154,0.4981684981684982,0.7661900520324707,spdsw,500,80,7490,8,1,False,1.0,True
291,0.7,0.5777777777777777,0.6663172245025635,spdsw,500,80,7490,8,3,False,1.0,True
292,0.4833948339483395,0.24354243542435425,0.6962940692901611,spdsw,500,80,7490,8,7,False,1.0,True
293,1.0,1.0,0.0,spdsw,500,80,7490,8,8,False,1.0,True
294,0.5443037974683544,0.39662447257383965,0.7606699466705322,spdsw,500,80,7490,8,9,False,1.0,True
295,0.3553113553113553,0.2673992673992674,0.6557719707489014,spdsw,500,80,7490,9,1,False,1.0,True
296,0.37777777777777777,0.2851851851851852,0.6746127605438232,spdsw,500,80,7490,9,3,False,1.0,True
297,0.25461254612546125,0.24723247232472326,0.6700325012207031,spdsw,500,80,7490,9,7,False,1.0,True
298,0.4772727272727273,0.3977272727272727,0.6642892360687256,spdsw,500,80,7490,9,8,False,1.0,True
299,1.0,1.0,0.0,spdsw,500,80,7490,9,9,False,1.0,True
300,1.0,1.0,0.0,spdsw,500,80,7066,1,1,False,1.0,True
301,0.6333333333333333,0.5222222222222223,0.6893942356109619,spdsw,500,80,7066,1,3,False,1.0,True
302,0.5719557195571956,0.5055350553505535,0.6941647529602051,spdsw,500,80,7066,1,7,False,1.0,True
303,0.6628787878787878,0.39015151515151514,0.7449603080749512,spdsw,500,80,7066,1,8,False,1.0,True
304,0.48945147679324896,0.26582278481012656,0.7436814308166504,spdsw,500,80,7066,1,9,False,1.0,True
305,0.673992673992674,0.3443223443223443,0.686643123626709,spdsw,500,80,7066,3,1,False,1.0,True
306,1.0,1.0,0.0,spdsw,500,80,7066,3,3,False,1.0,True
307,0.6568265682656826,0.30996309963099633,0.6787550449371338,spdsw,500,80,7066,3,7,False,1.0,True
308,0.7159090909090909,0.4962121212121212,0.6852743625640869,spdsw,500,80,7066,3,8,False,1.0,True
309,0.5358649789029536,0.2742616033755274,0.765500545501709,spdsw,500,80,7066,3,9,False,1.0,True
310,0.575091575091575,0.5201465201465202,0.6824123859405518,spdsw,500,80,7066,7,1,False,1.0,True
311,0.6592592592592592,0.5333333333333333,0.680279016494751,spdsw,500,80,7066,7,3,False,1.0,True
312,1.0,1.0,0.0,spdsw,500,80,7066,7,7,False,1.0,True
313,0.5568181818181818,0.26136363636363635,0.6780300140380859,spdsw,500,80,7066,7,8,False,1.0,True
314,0.4641350210970464,0.26582278481012656,0.6724231243133545,spdsw,500,80,7066,7,9,False,1.0,True
315,0.63003663003663,0.4981684981684982,0.7676420211791992,spdsw,500,80,7066,8,1,False,1.0,True
316,0.7,0.5777777777777777,0.6735048294067383,spdsw,500,80,7066,8,3,False,1.0,True
317,0.4944649446494465,0.24354243542435425,0.6755719184875488,spdsw,500,80,7066,8,7,False,1.0,True
318,1.0,1.0,0.0,spdsw,500,80,7066,8,8,False,1.0,True
319,0.4936708860759494,0.39662447257383965,0.6608583927154541,spdsw,500,80,7066,8,9,False,1.0,True
320,0.48717948717948717,0.2673992673992674,0.6593594551086426,spdsw,500,80,7066,9,1,False,1.0,True
321,0.4962962962962963,0.2851851851851852,0.6476430892944336,spdsw,500,80,7066,9,3,False,1.0,True
322,0.2730627306273063,0.24723247232472326,0.6785204410552979,spdsw,500,80,7066,9,7,False,1.0,True
323,0.5378787878787878,0.3977272727272727,0.7355146408081055,spdsw,500,80,7066,9,8,False,1.0,True
324,1.0,1.0,0.0,spdsw,500,80,7066,9,9,False,1.0,True
325,1.0,1.0,0.0,spdsw,500,80,1884,1,1,False,1.0,True
326,0.6518518518518519,0.5222222222222223,0.6810810565948486,spdsw,500,80,1884,1,3,False,1.0,True
327,0.5608856088560885,0.5055350553505535,0.6712837219238281,spdsw,500,80,1884,1,7,False,1.0,True
328,0.6628787878787878,0.39015151515151514,0.6756007671356201,spdsw,500,80,1884,1,8,False,1.0,True
329,0.4810126582278481,0.26582278481012656,0.6753785610198975,spdsw,500,80,1884,1,9,False,1.0,True
330,0.673992673992674,0.3443223443223443,0.6785569190979004,spdsw,500,80,1884,3,1,False,1.0,True
331,1.0,1.0,0.0,spdsw,500,80,1884,3,3,False,1.0,True
332,0.6642066420664207,0.30996309963099633,0.6806297302246094,spdsw,500,80,1884,3,7,False,1.0,True
333,0.7007575757575758,0.4962121212121212,0.685692310333252,spdsw,500,80,1884,3,8,False,1.0,True
334,0.5443037974683544,0.2742616033755274,0.6822037696838379,spdsw,500,80,1884,3,9,False,1.0,True
335,0.575091575091575,0.5201465201465202,0.7425811290740967,spdsw,500,80,1884,7,1,False,1.0,True
336,0.674074074074074,0.5333333333333333,0.682903528213501,spdsw,500,80,1884,7,3,False,1.0,True
337,1.0,1.0,0.0,spdsw,500,80,1884,7,7,False,1.0,True
338,0.5946969696969697,0.26136363636363635,0.6746871471405029,spdsw,500,80,1884,7,8,False,1.0,True
339,0.4472573839662447,0.26582278481012656,0.6684503555297852,spdsw,500,80,1884,7,9,False,1.0,True
340,0.5970695970695971,0.4981684981684982,0.6766195297241211,spdsw,500,80,1884,8,1,False,1.0,True
341,0.7,0.5777777777777777,0.6904988288879395,spdsw,500,80,1884,8,3,False,1.0,True
342,0.4870848708487085,0.24354243542435425,0.6787471771240234,spdsw,500,80,1884,8,7,False,1.0,True
343,1.0,1.0,0.0,spdsw,500,80,1884,8,8,False,1.0,True
344,0.510548523206751,0.39662447257383965,0.6664595603942871,spdsw,500,80,1884,8,9,False,1.0,True
345,0.4725274725274725,0.2673992673992674,0.6631107330322266,spdsw,500,80,1884,9,1,False,1.0,True
346,0.4666666666666667,0.2851851851851852,0.7214090824127197,spdsw,500,80,1884,9,3,False,1.0,True
347,0.36531365313653136,0.24723247232472326,0.740687370300293,spdsw,500,80,1884,9,7,False,1.0,True
348,0.5416666666666666,0.3977272727272727,0.6490359306335449,spdsw,500,80,1884,9,8,False,1.0,True
349,1.0,1.0,0.0,spdsw,500,80,1884,9,9,False,1.0,True
350,1.0,1.0,0.0,spdsw,500,80,929,1,1,False,1.0,True
351,0.6481481481481481,0.5222222222222223,0.6804616451263428,spdsw,500,80,929,1,3,False,1.0,True
352,0.5498154981549815,0.5055350553505535,0.687852144241333,spdsw,500,80,929,1,7,False,1.0,True
353,0.696969696969697,0.39015151515151514,0.6733782291412354,spdsw,500,80,929,1,8,False,1.0,True
354,0.5316455696202531,0.26582278481012656,0.6786847114562988,spdsw,500,80,929,1,9,False,1.0,True
355,0.6996336996336996,0.3443223443223443,0.7617111206054688,spdsw,500,80,929,3,1,False,1.0,True
356,1.0,1.0,0.0,spdsw,500,80,929,3,3,False,1.0,True
357,0.7195571955719557,0.30996309963099633,0.6789059638977051,spdsw,500,80,929,3,7,False,1.0,True
358,0.6704545454545454,0.4962121212121212,0.6773362159729004,spdsw,500,80,929,3,8,False,1.0,True
359,0.5569620253164557,0.2742616033755274,0.6853969097137451,spdsw,500,80,929,3,9,False,1.0,True
360,0.5641025641025641,0.5201465201465202,0.6853578090667725,spdsw,500,80,929,7,1,False,1.0,True
361,0.6703703703703704,0.5333333333333333,0.6858694553375244,spdsw,500,80,929,7,3,False,1.0,True
362,1.0,1.0,0.0,spdsw,500,80,929,7,7,False,1.0,True
363,0.5871212121212122,0.26136363636363635,0.675654411315918,spdsw,500,80,929,7,8,False,1.0,True
364,0.4472573839662447,0.26582278481012656,0.6721768379211426,spdsw,500,80,929,7,9,False,1.0,True
365,0.6373626373626373,0.4981684981684982,0.7300732135772705,spdsw,500,80,929,8,1,False,1.0,True
366,0.7148148148148148,0.5777777777777777,0.6834805011749268,spdsw,500,80,929,8,3,False,1.0,True
367,0.45018450184501846,0.24354243542435425,0.6751043796539307,spdsw,500,80,929,8,7,False,1.0,True
368,1.0,1.0,0.0,spdsw,500,80,929,8,8,False,1.0,True
369,0.5189873417721519,0.39662447257383965,0.6608340740203857,spdsw,500,80,929,8,9,False,1.0,True
370,0.4945054945054945,0.2673992673992674,0.6621134281158447,spdsw,500,80,929,9,1,False,1.0,True
371,0.46296296296296297,0.2851851851851852,0.658872127532959,spdsw,500,80,929,9,3,False,1.0,True
372,0.3210332103321033,0.24723247232472326,0.7569983005523682,spdsw,500,80,929,9,7,False,1.0,True
373,0.5378787878787878,0.3977272727272727,0.6525065898895264,spdsw,500,80,929,9,8,False,1.0,True
374,1.0,1.0,0.0,spdsw,500,80,929,9,9,False,1.0,True
375,1.0,1.0,0.0,logsw,500,80,2473,1,1,False,1.0,True
376,0.6296296296296297,0.5222222222222223,0.6600584983825684,logsw,500,80,2473,1,3,False,1.0,True
377,0.5202952029520295,0.5055350553505535,0.6583514213562012,logsw,500,80,2473,1,7,False,1.0,True
378,0.6060606060606061,0.39015151515151514,0.6691362857818604,logsw,500,80,2473,1,8,False,1.0,True
379,0.42616033755274263,0.26582278481012656,0.7349634170532227,logsw,500,80,2473,1,9,False,1.0,True
380,0.6263736263736264,0.3443223443223443,0.6693384647369385,logsw,500,80,2473,3,1,False,1.0,True
381,1.0,1.0,0.0,logsw,500,80,2473,3,3,False,1.0,True
382,0.5535055350553506,0.30996309963099633,0.6343269348144531,logsw,500,80,2473,3,7,False,1.0,True
383,0.6287878787878788,0.4962121212121212,0.6464517116546631,logsw,500,80,2473,3,8,False,1.0,True
384,0.3670886075949367,0.2742616033755274,0.638901948928833,logsw,500,80,2473,3,9,False,1.0,True
385,0.5457875457875457,0.5201465201465202,0.6625335216522217,logsw,500,80,2473,7,1,False,1.0,True
386,0.5703703703703704,0.5333333333333333,0.685173511505127,logsw,500,80,2473,7,3,False,1.0,True
387,1.0,1.0,0.0,logsw,500,80,2473,7,7,False,1.0,True
388,0.30303030303030304,0.26136363636363635,0.6541125774383545,logsw,500,80,2473,7,8,False,1.0,True
389,0.31223628691983124,0.26582278481012656,0.6416103839874268,logsw,500,80,2473,7,9,False,1.0,True
390,0.5714285714285714,0.4981684981684982,0.7065119743347168,logsw,500,80,2473,8,1,False,1.0,True
391,0.6370370370370371,0.5777777777777777,0.6480226516723633,logsw,500,80,2473,8,3,False,1.0,True
392,0.3247232472324723,0.24354243542435425,0.6491808891296387,logsw,500,80,2473,8,7,False,1.0,True
393,1.0,1.0,0.0,logsw,500,80,2473,8,8,False,1.0,True
394,0.4810126582278481,0.39662447257383965,0.6369619369506836,logsw,500,80,2473,8,9,False,1.0,True
395,0.42124542124542125,0.2673992673992674,0.6261694431304932,logsw,500,80,2473,9,1,False,1.0,True
396,0.32592592592592595,0.2851851851851852,0.7194418907165527,logsw,500,80,2473,9,3,False,1.0,True
397,0.24354243542435425,0.24723247232472326,0.6645121574401855,logsw,500,80,2473,9,7,False,1.0,True
398,0.5189393939393939,0.3977272727272727,0.6240386962890625,logsw,500,80,2473,9,8,False,1.0,True
399,1.0,1.0,0.0,logsw,500,80,2473,9,9,False,1.0,True
400,1.0,1.0,0.0,logsw,500,80,7490,1,1,False,1.0,True
401,0.6518518518518519,0.5222222222222223,0.7316141128540039,logsw,500,80,7490,1,3,False,1.0,True
402,0.5571955719557196,0.5055350553505535,0.6578021049499512,logsw,500,80,7490,1,7,False,1.0,True
403,0.5492424242424242,0.39015151515151514,0.6668074131011963,logsw,500,80,7490,1,8,False,1.0,True
404,0.3755274261603376,0.26582278481012656,0.634817361831665,logsw,500,80,7490,1,9,False,1.0,True
405,0.6593406593406593,0.3443223443223443,0.6574428081512451,logsw,500,80,7490,3,1,False,1.0,True
406,1.0,1.0,0.0,logsw,500,80,7490,3,3,False,1.0,True
407,0.6199261992619927,0.30996309963099633,0.7498159408569336,logsw,500,80,7490,3,7,False,1.0,True
408,0.6287878787878788,0.4962121212121212,0.6882026195526123,logsw,500,80,7490,3,8,False,1.0,True
409,0.3670886075949367,0.2742616033755274,0.6468570232391357,logsw,500,80,7490,3,9,False,1.0,True
410,0.5641025641025641,0.5201465201465202,0.6606903076171875,logsw,500,80,7490,7,1,False,1.0,True
411,0.5814814814814815,0.5333333333333333,0.6568033695220947,logsw,500,80,7490,7,3,False,1.0,True
412,1.0,1.0,0.0,logsw,500,80,7490,7,7,False,1.0,True
413,0.3181818181818182,0.26136363636363635,0.6528699398040771,logsw,500,80,7490,7,8,False,1.0,True
414,0.31645569620253167,0.26582278481012656,0.6372513771057129,logsw,500,80,7490,7,9,False,1.0,True
415,0.5604395604395604,0.4981684981684982,0.7155418395996094,logsw,500,80,7490,8,1,False,1.0,True
416,0.6777777777777778,0.5777777777777777,0.7156555652618408,logsw,500,80,7490,8,3,False,1.0,True
417,0.3284132841328413,0.24354243542435425,0.64776611328125,logsw,500,80,7490,8,7,False,1.0,True
418,1.0,1.0,0.0,logsw,500,80,7490,8,8,False,1.0,True
419,0.48945147679324896,0.39662447257383965,0.6322405338287354,logsw,500,80,7490,8,9,False,1.0,True
420,0.4175824175824176,0.2673992673992674,0.7358942031860352,logsw,500,80,7490,9,1,False,1.0,True
421,0.4777777777777778,0.2851851851851852,0.6510655879974365,logsw,500,80,7490,9,3,False,1.0,True
422,0.26199261992619927,0.24723247232472326,0.6380598545074463,logsw,500,80,7490,9,7,False,1.0,True
423,0.5643939393939394,0.3977272727272727,0.632521390914917,logsw,500,80,7490,9,8,False,1.0,True
424,1.0,1.0,0.0,logsw,500,80,7490,9,9,False,1.0,True
425,1.0,1.0,0.0,logsw,500,80,7066,1,1,False,1.0,True
426,0.6296296296296297,0.5222222222222223,0.6502542495727539,logsw,500,80,7066,1,3,False,1.0,True
427,0.5055350553505535,0.5055350553505535,0.663435697555542,logsw,500,80,7066,1,7,False,1.0,True
428,0.5227272727272727,0.39015151515151514,0.6579418182373047,logsw,500,80,7066,1,8,False,1.0,True
429,0.350210970464135,0.26582278481012656,0.6639869213104248,logsw,500,80,7066,1,9,False,1.0,True
430,0.673992673992674,0.3443223443223443,0.659705638885498,logsw,500,80,7066,3,1,False,1.0,True
431,1.0,1.0,0.0,logsw,500,80,7066,3,3,False,1.0,True
432,0.5498154981549815,0.30996309963099633,0.7459616661071777,logsw,500,80,7066,3,7,False,1.0,True
433,0.7007575757575758,0.4962121212121212,6.196402311325073,logsw,500,80,7066,3,8,False,1.0,True
434,0.4430379746835443,0.2742616033755274,1.0199744701385498,logsw,500,80,7066,3,9,False,1.0,True
435,0.5641025641025641,0.5201465201465202,0.8031439781188965,logsw,500,80,7066,7,1,False,1.0,True
436,0.5888888888888889,0.5333333333333333,0.8165783882141113,logsw,500,80,7066,7,3,False,1.0,True
437,1.0,1.0,0.0,logsw,500,80,7066,7,7,False,1.0,True
438,0.3371212121212121,0.26136363636363635,2.0694808959960938,logsw,500,80,7066,7,8,False,1.0,True
439,0.32489451476793246,0.26582278481012656,3.70878529548645,logsw,500,80,7066,7,9,False,1.0,True
440,0.5274725274725275,0.4981684981684982,0.7567853927612305,logsw,500,80,7066,8,1,False,1.0,True
441,0.6296296296296297,0.5777777777777777,0.6590569019317627,logsw,500,80,7066,8,3,False,1.0,True
442,0.3284132841328413,0.24354243542435425,0.7315709590911865,logsw,500,80,7066,8,7,False,1.0,True
443,1.0,1.0,0.0,logsw,500,80,7066,8,8,False,1.0,True
444,0.5063291139240507,0.39662447257383965,0.7253670692443848,logsw,500,80,7066,8,9,False,1.0,True
445,0.4249084249084249,0.2673992673992674,0.625891923904419,logsw,500,80,7066,9,1,False,1.0,True
446,0.4185185185185185,0.2851851851851852,0.7433955669403076,logsw,500,80,7066,9,3,False,1.0,True
447,0.28413284132841327,0.24723247232472326,1.6484894752502441,logsw,500,80,7066,9,7,False,1.0,True
448,0.5151515151515151,0.3977272727272727,0.6386001110076904,logsw,500,80,7066,9,8,False,1.0,True
449,1.0,1.0,0.0,logsw,500,80,7066,9,9,False,1.0,True
450,1.0,1.0,0.0,logsw,500,80,1884,1,1,False,1.0,True
451,0.5814814814814815,0.5222222222222223,0.7393736839294434,logsw,500,80,1884,1,3,False,1.0,True
452,0.5166051660516605,0.5055350553505535,0.6736507415771484,logsw,500,80,1884,1,7,False,1.0,True
453,0.5757575757575758,0.39015151515151514,0.6683542728424072,logsw,500,80,1884,1,8,False,1.0,True
454,0.4092827004219409,0.26582278481012656,0.6731302738189697,logsw,500,80,1884,1,9,False,1.0,True
455,0.6666666666666666,0.3443223443223443,0.6767218112945557,logsw,500,80,1884,3,1,False,1.0,True
456,1.0,1.0,0.0,logsw,500,80,1884,3,3,False,1.0,True
457,0.5830258302583026,0.30996309963099633,0.7417831420898438,logsw,500,80,1884,3,7,False,1.0,True
458,0.6742424242424242,0.4962121212121212,0.6682703495025635,logsw,500,80,1884,3,8,False,1.0,True
459,0.4388185654008439,0.2742616033755274,0.6544613838195801,logsw,500,80,1884,3,9,False,1.0,True
460,0.575091575091575,0.5201465201465202,0.6687381267547607,logsw,500,80,1884,7,1,False,1.0,True
461,0.6259259259259259,0.5333333333333333,0.6956295967102051,logsw,500,80,1884,7,3,False,1.0,True
462,1.0,1.0,0.0,logsw,500,80,1884,7,7,False,1.0,True
463,0.375,0.26136363636363635,0.6631605625152588,logsw,500,80,1884,7,8,False,1.0,True
464,0.3333333333333333,0.26582278481012656,0.6561472415924072,logsw,500,80,1884,7,9,False,1.0,True
465,0.5457875457875457,0.4981684981684982,0.6639199256896973,logsw,500,80,1884,8,1,False,1.0,True
466,0.6481481481481481,0.5777777777777777,0.7348384857177734,logsw,500,80,1884,8,3,False,1.0,True
467,0.3505535055350554,0.24354243542435425,0.6662259101867676,logsw,500,80,1884,8,7,False,1.0,True
468,1.0,1.0,0.0,logsw,500,80,1884,8,8,False,1.0,True
469,0.4810126582278481,0.39662447257383965,0.6481447219848633,logsw,500,80,1884,8,9,False,1.0,True
470,0.39194139194139194,0.2673992673992674,0.6517815589904785,logsw,500,80,1884,9,1,False,1.0,True
471,0.34074074074074073,0.2851851851851852,0.6423203945159912,logsw,500,80,1884,9,3,False,1.0,True
472,0.23985239852398524,0.24723247232472326,0.6521213054656982,logsw,500,80,1884,9,7,False,1.0,True
473,0.5643939393939394,0.3977272727272727,0.6477038860321045,logsw,500,80,1884,9,8,False,1.0,True
474,1.0,1.0,0.0,logsw,500,80,1884,9,9,False,1.0,True
475,1.0,1.0,0.0,logsw,500,80,929,1,1,False,1.0,True
476,0.6370370370370371,0.5222222222222223,0.7408163547515869,logsw,500,80,929,1,3,False,1.0,True
477,0.5313653136531366,0.5055350553505535,0.7352797985076904,logsw,500,80,929,1,7,False,1.0,True
478,0.45075757575757575,0.39015151515151514,0.7306098937988281,logsw,500,80,929,1,8,False,1.0,True
479,0.3206751054852321,0.26582278481012656,0.6692004203796387,logsw,500,80,929,1,9,False,1.0,True
480,0.6446886446886447,0.3443223443223443,0.6671390533447266,logsw,500,80,929,3,1,False,1.0,True
481,1.0,1.0,0.0,logsw,500,80,929,3,3,False,1.0,True
482,0.5608856088560885,0.30996309963099633,0.6562502384185791,logsw,500,80,929,3,7,False,1.0,True
483,0.6136363636363636,0.4962121212121212,0.6790778636932373,logsw,500,80,929,3,8,False,1.0,True
484,0.3924050632911392,0.2742616033755274,0.7353043556213379,logsw,500,80,929,3,9,False,1.0,True
485,0.5714285714285714,0.5201465201465202,0.6652135848999023,logsw,500,80,929,7,1,False,1.0,True
486,0.6370370370370371,0.5333333333333333,0.666618824005127,logsw,500,80,929,7,3,False,1.0,True
487,1.0,1.0,0.0,logsw,500,80,929,7,7,False,1.0,True
488,0.2916666666666667,0.26136363636363635,0.6635231971740723,logsw,500,80,929,7,8,False,1.0,True
489,0.31645569620253167,0.26582278481012656,0.6647806167602539,logsw,500,80,929,7,9,False,1.0,True
490,0.5421245421245421,0.4981684981684982,0.6711900234222412,logsw,500,80,929,8,1,False,1.0,True
491,0.6555555555555556,0.5777777777777777,0.7423348426818848,logsw,500,80,929,8,3,False,1.0,True
492,0.33579335793357934,0.24354243542435425,0.730334997177124,logsw,500,80,929,8,7,False,1.0,True
493,1.0,1.0,0.0,logsw,500,80,929,8,8,False,1.0,True
494,0.4767932489451477,0.39662447257383965,0.6546733379364014,logsw,500,80,929,8,9,False,1.0,True
495,0.32967032967032966,0.2673992673992674,0.6793003082275391,logsw,500,80,929,9,1,False,1.0,True
496,0.2962962962962963,0.2851851851851852,0.6418445110321045,logsw,500,80,929,9,3,False,1.0,True
497,0.24354243542435425,0.24723247232472326,0.650184154510498,logsw,500,80,929,9,7,False,1.0,True
498,0.4621212121212121,0.3977272727272727,0.6318798065185547,logsw,500,80,929,9,8,False,1.0,True
499,1.0,1.0,0.0,logsw,500,80,929,9,9,False,1.0,True
